titulo,precio,localizacion
Departamentos en Venta en La Industrial 401,$ 50.000,"La Industrial 401, Paso Del Rey, Moreno, Bs.as. G.b.a. Oeste"
Departamentos en Venta en Los Robles 5901,U$S 340.000,"Los Robles 5901, Canning, Ezeiza, Bs.as. G.b.a. Sur"
Departamentos en Venta en Coronel Morales 1470,U$S 150.000,"Coronel Morales 1470, Tigre, Bs.as. G.b.a. Norte"
Departamentos en Venta en Virrey Cevallos 435,U$S 23.000,"Virrey Cevallos 435, Monserrat, Capital Federal"
Departamentos en Venta en Zapata 300,U$S 138.000,"Zapata 300, Belgrano, Capital Federal"
Departamentos en Venta en Aguilar 2110,U$S 125.000,"Aguilar 2110, Belgrano, Capital Federal"
Departamentos en Venta en Fray Justo Santa María De Oro 2300,U$S 68.700,"Fray Justo Santa María De Oro 2300, Palermo Soho, Capital Federal"
Departamentos en Venta en Mendoza 3095,U$S 208.000,"Mendoza 3095, Belgrano, Capital Federal"
Departamentos en Venta en Franklin D. Roosevelt 0,U$S 123.000,"Franklin D. Roosevelt 0, Punta Del Este, Maldonado, Uruguay"
Departamentos en Venta en Bernardo De Irigoyen 1418,U$S 71.200,"Bernardo De Irigoyen 1418, Constitución, Capital Federal"
Departamentos en Venta en José Antonio Cabrera 4170,U$S 81.667,"José Antonio Cabrera 4170, Palermo Viejo, Capital Federal"
Departamentos en Venta en R. Caamaño 1106,U$S 130.000,"R. Caamaño 1106, Villa Rosa, Pilar, Bs.as. G.b.a. Norte"
Departamentos en Venta en Paroissien 3746,U$S 111.000,"Paroissien 3746, Saavedra, Capital Federal"
Departamentos en Venta en Olleros 4142,U$S 103.530,"Olleros 4142, Chacarita, Capital Federal"
Departamentos en Venta en Avenida Independencia 500,U$S 96.230,"Avenida Independencia 500, San Telmo, Capital Federal"
Departamentos en Venta en Tapiales 1200,U$S 279.000,"Tapiales 1200, Vicente López, Bs.as. G.b.a. Norte"
Departamentos en Venta en Manzanares 1600,U$S 143.000,"Manzanares 1600, Núñez, Capital Federal"
Departamentos en Venta en Yerbal 681,U$S 145.000,"Yerbal 681, Caballito, Capital Federal"
Departamentos en Venta en Donado 4400,U$S 115.000,"Donado 4400, Saavedra, Capital Federal"
Departamentos en Venta en Barrio Norte,U$S 490.000,"Barrio Norte, Barrio Norte, Capital Federal"
Departamentos en Venta en Mitre Y San Juan,U$S 135.000,"Mitre Y San Juan, Centro, Rosario, Santa Fe"
Departamentos en Venta en Av. Luis Maria Campos 600,U$S 119.500,"Av. Luis Maria Campos 600, Las Cañitas, Capital Federal"
Departamentos en Venta en 2 4424,U$S 100.000,"2 4424, Necochea, Bs.as. Costa Atlántica"
Departamentos en Venta en Agüero 1650,U$S 64.000,"Agüero 1650, Barrio Norte, Capital Federal"
Departamentos en Venta en Ramón Falcón 1542,U$S 86.000,"Ramón Falcón 1542, Ramos Mejía, La Matanza, Bs.as. G.b.a. Oeste"
Departamentos en Venta en Valle Fertil 960,U$S 46.000,"Valle Fertil 960, Golf Viejo, Pinamar, Bs.as. Costa Atlántica"
Departamentos en Venta en Pedro Goyena Al 1400,U$S 289.000,"Pedro Goyena Al 1400, Caballito, Capital Federal"
Departamentos en Venta en Art Maria - Camila O&#39;gorman 400,U$S 720.000,"Art Maria - Camila O'gorman 400, Puerto Madero, Capital Federal"
Departamentos en Venta en Humahuaca Al 4600,U$S 230.000,"Humahuaca Al 4600, Almagro, Capital Federal"
Departamentos en Venta en Jose Hernandez 2724 Piso 1 A 2 Ambientes,U$S 230.023,"Jose Hernandez 2724 Piso 1 A 2 Ambientes, Belgrano, Capital Federal"
Departamentos en Venta en Rivadavia Y Simbad El Marino 500,U$S 95.000,"Rivadavia Y Simbad El Marino 500, Centro, Pinamar, Bs.as. Costa Atlántica"
Departamentos en Venta en Jujuy 2857 2b,U$S 81.000,"Jujuy 2857 2b, Centro, Rosario, Santa Fe"
Departamentos en Venta en San Jose De Calasanz Al 800,U$S 335.000,"San Jose De Calasanz Al 800, Parque Chacabuco, Capital Federal"
Departamentos en Venta en Corrientes Al 1900,U$S 74.900,"Corrientes Al 1900, Centro, Mar Del Plata, Bs.as. Costa Atlántica"
Departamentos en Venta en Emilio Ravignani 1370,U$S 254.000,"Emilio Ravignani 1370, Palermo Hollywood, Capital Federal"
Departamentos en Venta en Aristobulo Del Valle 3590,U$S 130.000,"Aristobulo Del Valle 3590, Playa Grande, Mar Del Plata, Bs.as. Costa Atlántica"
Departamentos en Venta en Corrientes 1424,U$S 60.000,"Corrientes 1424, Centro, Rosario, Santa Fe"
Departamentos en Venta en Av De Mayo Esq. Salta,U$S 390.000,"Av De Mayo Esq. Salta, Monserrat, Capital Federal"
Departamentos en Venta en Juana Manzo 1181,U$S 299.999,"Juana Manzo 1181, Puerto Madero, Capital Federal"
Departamentos en Venta en Av 2 2400,U$S 69.000,"Av 2 2400, Villa Gesell, Bs.as. Costa Atlántica"
Departamentos en Venta en Avenida 4 5365,U$S 44.000,"Avenida 4 5365, Mar Del Tuyú, Bs.as. Costa Atlántica"
Departamentos en Venta en Centenario 2050,U$S 128.000,"Centenario 2050, Béccar, San Isidro, Bs.as. G.b.a. Norte"
Departamentos en Venta en Ayacucho 1400,U$S 380.000,"Ayacucho 1400, Recoleta, Capital Federal"
Departamentos en Venta en Carbone A 1 Cuadra Av. Rodriguez Peña,U$S 79.000,"Carbone A 1 Cuadra Av. Rodriguez Peña, Santos Lugares, Tres De Febrero, Bs.as. G.b.a. Oeste"
Departamentos en Venta en San Pedro 1450,$ 432.500,"San Pedro 1450, Villa Raffo, Tres De Febrero, Bs.as. G.b.a. Oeste"
Departamentos en Venta en San Pedro 1450,$ 352.900,"San Pedro 1450, Villa Raffo, Tres De Febrero, Bs.as. G.b.a. Oeste"
Departamentos en Venta en R. Caamaño Al 700,U$S 230.000,"R. Caamaño Al 700, Pilar, Bs.as. G.b.a. Norte"
Departamentos en Venta en Rivera Indarte 150,U$S 190.000,"Rivera Indarte 150, Flores, Capital Federal"
Departamentos en Venta en Echeverria Al 2700,U$S 150.000,"Echeverria Al 2700, Belgrano, Capital Federal"
Departamentos en Venta en Marta Lynch 451,U$S 915.000,"Marta Lynch 451, Puerto Madero, Capital Federal"
